{"cameraMode":{"drawMode":0,"name":"Shaded","section":"Shading Mode"},"sceneLighting":false,"audioPlay":false,"sceneViewState":{"m_AlwaysRefresh":false,"showFog":true,"showSkybox":false,"showFlares":true,"showImageEffects":true,"showParticleSystems":true,"showVisualEffectGraphs":true,"m_FxEnabled":true},"in2DMode":false,"pivot":{"x":-1.3368096351623536,"y":3.6923389434814455,"z":-17.708850860595704},"rotation":{"x":-0.15675173699855805,"y":0.26604360342025759,"z":-0.04389937222003937,"w":-0.9501830339431763},"size":1.7021089792251588,"orthographic":false}