{"cameraMode":{"drawMode":0,"name":"Shaded","section":"Shading Mode"},"sceneLighting":false,"audioPlay":false,"sceneViewState":{"m_AlwaysRefresh":false,"showFog":true,"showSkybox":false,"showFlares":true,"showImageEffects":true,"showParticleSystems":true,"showVisualEffectGraphs":true,"m_FxEnabled":true},"in2DMode":false,"pivot":{"x":1.1059492826461793,"y":2.6550402641296388,"z":-11.075216293334961},"rotation":{"x":0.06727945059537888,"y":-0.6137474179267883,"z":0.052602335810661319,"w":0.7849591970443726},"size":0.3012624979019165,"orthographic":false}