{"cameraMode":{"drawMode":0,"name":"Shaded","section":"Shading Mode"},"sceneLighting":false,"audioPlay":false,"sceneViewState":{"m_AlwaysRefresh":false,"showFog":true,"showSkybox":false,"showFlares":true,"showImageEffects":true,"showParticleSystems":true,"showVisualEffectGraphs":true,"m_FxEnabled":true},"in2DMode":false,"pivot":{"x":0.000012384727597236633,"y":-1.0356067419052125,"z":0.05404987931251526},"rotation":{"x":0.06432370841503144,"y":-0.06492027640342713,"z":0.004193391650915146,"w":0.9958770275115967},"size":0.376442015171051,"orthographic":false}