{"cameraMode":{"drawMode":0,"name":"Shaded","section":"Shading Mode"},"sceneLighting":false,"audioPlay":false,"sceneViewState":{"m_AlwaysRefresh":false,"showFog":true,"showSkybox":false,"showFlares":true,"showImageEffects":true,"showParticleSystems":true,"showVisualEffectGraphs":true,"m_FxEnabled":true},"in2DMode":false,"pivot":{"x":-0.02125568687915802,"y":0.38847309350967409,"z":0.08647733926773071},"rotation":{"x":-0.2091587334871292,"y":0.1990857869386673,"z":-0.04368367791175842,"w":-0.9565151333808899},"size":0.6653313636779785,"orthographic":false}