{"cameraMode":{"drawMode":0,"name":"Shaded","section":"Shading Mode"},"sceneLighting":true,"audioPlay":false,"sceneViewState":{"m_AlwaysRefresh":false,"showFog":true,"showSkybox":true,"showFlares":true,"showImageEffects":true,"showParticleSystems":true,"showVisualEffectGraphs":true,"m_FxEnabled":true},"in2DMode":false,"pivot":{"x":-28.540786743164064,"y":62.22491455078125,"z":121.19165802001953},"rotation":{"x":-0.10703612118959427,"y":0.23166732490062715,"z":-0.025779103860259057,"w":-0.9666526913642883},"size":6.564640522003174,"orthographic":true}