{"cameraMode":{"drawMode":0,"name":"Shaded","section":"Shading Mode"},"sceneLighting":false,"audioPlay":false,"sceneViewState":{"m_AlwaysRefresh":false,"showFog":true,"showSkybox":false,"showFlares":true,"showImageEffects":true,"showParticleSystems":true,"showVisualEffectGraphs":true,"m_FxEnabled":true},"in2DMode":false,"pivot":{"x":-1.0119411945343018,"y":0.5859078764915466,"z":-2.258188247680664},"rotation":{"x":-0.7203665971755981,"y":-0.004164951387792826,"z":-0.6936763525009155,"w":0.003910246770828962},"size":0.7478649616241455,"orthographic":false}