{"cameraMode":{"drawMode":0,"name":"Shaded","section":"Shading Mode"},"sceneLighting":false,"audioPlay":false,"sceneViewState":{"m_AlwaysRefresh":false,"showFog":true,"showSkybox":false,"showFlares":true,"showImageEffects":true,"showParticleSystems":true,"showVisualEffectGraphs":true,"m_FxEnabled":true},"in2DMode":false,"pivot":{"x":-0.9932303428649902,"y":-0.03978574275970459,"z":-2.4798381328582765},"rotation":{"x":-0.6747825741767883,"y":-0.19147849082946778,"z":-0.6877779364585877,"w":0.1873852163553238},"size":0.6939822435379028,"orthographic":false}